;CLASSICAL
;;Bach,JS
;;;Bach_on_Abbey_Road
;;;Brandenberg_Concertos_1-3
;;;Brandenberg_Concertos_4-6
;;;Goldberg_Variations
;;;Guitar-Violin_Sonatas+Partitas,V1
;;;Guitar-Violin_Sonatas+Partitas,V2
;;;Harpsichord_Recital
;;;Lute_Suites,V1
;;;Lute_Suites,V2
;;;Organ-Great_Bach_Works,V1
;;;Organ-Great_Bach_Works,V2
;;;Organ-Toccatas+Inventions,V1
;;;Organ-Toccatas+Inventions,V2
;;;Piano-Easy_Listening_Bach_Classics,V1
;;;Piano-Easy_Listening_Bach_Classics,V2
;;;Piano-Easy_Listening_Bach_Classics,V3
;;;Piano-Partitas_1,2+Schubert_Impromptus
;;;Well_Tempered_Clavier-V1
;;;Well_Tempered_Clavier-V2
;;;Well_Tempered_Clavier-V3
;;Bartok,Bela
;;;Contrasts+Mikro_Kosmos
;;Beethoven,Ludwig_Van
;;;Piano-Easy_Listening_Beethoven_Classics,V1
;;;Piano-Easy_Listening_Beethoven_Classics,V2
;;;Piano-Ligeti_Etudes+LVB_Sonata_#32_C_Minor
;;Chopin,Frederic
;;;Piano-Nocturnes_1-10
;;;Piano-Nocturnes_11-20
;;;The_Chopin_Variations-Chad_Lawson+Strings
;;;The_Chopin_Variations-Chad_Lawson-Alone
;;;The_Complete_Preludes-Rafal_Blechacz
;;Debussy,Claude
;;;Piano-Complete_Preludes_1-24
;;;Piano-Easy_Listening_1-17
;;;Piano-Easy_Listening_1-4+Ravel_5-16
;;Deutscher,Alma
;;;The_Music_of
;;Guitar,The_Ultimate_Romantic
;;;Volume_1
;;;Volume_2
;;Hahn,Hillary
;;;Violin+Cory_Smyth-Piano,Encores,V1
;;;Violin+Cory_Smyth-Piano,Encores,V2
;;Haydn,Franz_Joseph
;;;Piano_Sonatas_29,31,34,35,49-Emanual_Ax
;;Holst,Gustav
;;;Orchestra-The_Planets
;;Ma,Yo_Yo
;;;The_Silk_Road_Journies
;;Shostakovich,Dmitri
;;;Preludes+Fugues,Opus_97-Keith_Jarrett,V1
;;;Preludes+Fugues,Opus_97-Keith_Jarrett,V2
;;Stravinsky,Igor
;;;Rite_of_Spring+Bach_Fugues
;;;Rite_of_Spring-The_Bad_Plus
;;US_Navy_Band
;;;Music_for_Chamber_Winds,V1
;;;Music_for_Chamber_Winds,V2
;;Windham_Hill
;;;The_Bach_Variations
;;;The_Impressionists_{classical}
;;;The_Mozart_Variations
;;classical.all
;;classical.dates
;JAZZ
;;Blakey,Art+Jazz_Messengers
;;;Mission_Eternal,Vol2
;;Bley,Paul+Trio
;;;BeBop_BeBop_BeBop_BeBop
;;;Mission_Eternal,Vol2
;;Clarke,Stanley
;;;Jazz_in_the_Garden+Hiromi
;;;With_Hiromi
;;Farmer,Art+Jazztet
;;;Real_Time
;;Gershwin,George
;;;Piano_Rolls
;;Grapelli,Stephane
;;;Tivoli_Gardens_Copenhagen+Joe_Pass
;;Green,Grant
;;;Born_To_Be_Blue
;;;Idle_Moments
;;clarinet
;;;Bechet,Sidney
;;;;Ken_Burns_Jazz
;;;;The_Legendary
;;;Beiderbecke,Bix
;;;;At_the_Jazz_Band_Hall,Vol2
;;;;Singin_the_Blues,1%2
;;;;Singin_the_Blues,2%2
;;;Goodman,Benny
;;;;Carnegie_Hall_40th,1%2
;;;;Carnegie_Hall_40th,2%2
;;;;Complete_RCS_Small_Groups,1%3
;;;;Complete_RCS_Small_Groups,2%3
;;;;Complete_RCS_Small_Groups,3%3
;;;;Greatest_Hits:RCA_Victor
;;;;Laser_Light
;;;;Live_at_Carnegie_Hall,1%2
;;;;Live_at_Carnegie_Hall,2%2
;;;;Sextet
;;;;Sing,_Sing,_Sing
;;;;Small_Groups
;;;;The_Essential_Benny_Goodman,1%2
;;;;The_Essential_Benny_Goodman,2%2
;;;;The_Small_Groups:aka_The_Immortal
;;;;Trio+QuartetSessions,Vol1
;;;;Trio+Quartet_Live_in_1937
;;guitar
;;;Abercrombie,John
;;;;Speak_of_the_Devil
;;;;Timeless
;;;Burrell,Kenny
;;;;Blue_Lights,Vol1
;;;Byrd,Charlie
;;;;Byrd_at_the_Village_Gate
;;;Carlton,Larry
;;;;Fire_Wire
;;;;Unplugged+Robben_Ford
;;;Christian,Charlie
;;;;Genius_of_the_Electric_Guitar
;;;Dimeola,Al
;;;;Consequence_of_Chaos
;;;;Flesh_on_Flesh
;;;;In_the_Flesh
;;;;Plays_Bucky_Piazzola
;;;;World_Sinfonia
;;;Frisell,Bill
;;;;All_We_are_Saying
;;;;Blues_Dream
;;;;Disfarmer
;;;;Ghost_Town
;;;;Going_Back_Home+Ginger_Baker_Trio
;;;;Guitar_in_the_Space_Age
;;;;Have_a_Little_Faith
;;;Hall,Jim
;;;;Concierto
;;;;Oracle
;;;;Something_Special
;;;Metheny,Pat
;;;;As_Falls_Wichita
;;;;Day_Trip
;;;;Metheny_Mehldau_Quartet
;;;;Pat_Metheny+Brad_Mehldau
;;;;Pat_Metheny_Group
;;;;Pat_Metheny_Trio_1%2
;;;;Pat_Metheny_Trio_2%2
;;;;The_Orchestrion_Project_Original
;;;;The_Orchestrion_Project_Vol1
;;;;The_Orchestrion_Project_Vol2
;;;;Unity_Group
;;;;What_Its_All_About
;;;Scofield,John
;;;;Bump
;;;;Enroute_Live
;;;;Hand_Jive
;;;;Metropole_Orkest
;;;;Thats_What_Id_Say
;;;;UberJam
;;;;Up_All_Night
;;horns
;;;Armstrong,Louis
;;;;Best_of_the_Hot5+Hot7
;;;Canadian_Brass
;;;;The_Dixieland_Album
;;;Coltrane,John
;;;;A_Love_Supreme
;;;;Bags+Trane
;;;;Giant_Steps
;;;;Very_Best_Of
;;;Davis,Miles
;;;;Blue_Haze
;;;;Cookin+Quintet
;;;;Cool_and_Collected
;;;;Kind_of_Blue,Legacy_Edition,1%2
;;;;Kind_of_Blue,Legacy_Edition,2%2
;;;;Live_in_Europe_1967
;;;;Sketches_of_Spain+In_a_Silent_Way
;;;Gillespie,Dizzy
;;;;Copenhagen_Concert
;;;;Diz+Getz
;;;;New_Faces
;;;;To_Diz_With_Love
;;jazz.a-f
;;jazz.g-m
;;jazz.n-z
;;piano
;;;Alexander,Monty
;;;;Steamin
;;;;To_the_Ends_of_the_Earth
;;;Allison,Mose
;;;;Live_in_London,Vol1
;;;Brubeck,Dave
;;;;Night_Shift
;;;;Young_Lions+Old+Tigers
;;;Chestnut,Cyrus
;;;;Eye_of_th_Beholder
;;;;Quartet
;;;Corea,Chick
;;;;Change
;;;;Corea+Clarke+White:Forever,1%2
;;;;Corea+Clarke+White:Forever,2%2
;;;;Duet+Hiromi,1%2
;;;;Duet+Hiromi,2%2
;;;;Five_Peace_Band,1%2
;;;;Five_Peace_Band,2%2
;;;;Like_Minds+Burton,Metheny,Haynes,Holland
;;;;Native_Sense+Gary_Burton
;;;;Now_He_Sings,Now_He_Sobs
;;;;Origin
;;;;Remembering_Bud_Powell
;;;;Rendezvous_in_New_York,1%2
;;;;Rendezvous_in_New_York,2%2
;;;;Return_To_Forever:The_Anthology,1%2
;;;;Return_To_Forever:The_Anthology,2%2
;;;;The_Continents,1%2
;;;;The_Continents,2%2
;;;;The_Ultimate_Adventure
;;;;The_Vigil
;;;;Trilogy,1%3
;;;;Trilogy,2%3
;;;;Trilogy,3%3
;;;;Trio_Music_Live_in_Europe
;;;Duku,Count
;;;;Count:One_OClock_Jump
;;;;Count:Plays_Duke
;;;;Duke:In_Grand_Company
;;;;Duke:Meets_Count
;;;Flanagan,Tommy
;;;;Lady_Be_Good
;;;;Sea_Changes
;;;;Trio_Overseas
;;;Garland,Red
;;;;Red_Garland
;;;;Soul_Junction
;;;Garner,Erroll
;;;;Concert_By_the_Sea
;;;;Solitaire
;;;;The_Essence_of
;;;;Yesterdays
;;;Guaraldi,Vince
;;;;Charlie_Brown_Suite
;;;Hancock,Herbie
;;;;Best_Of
;;;;Empyrean_Isles
;;;;Gershwins_World
;;;;Maiden_Voyage
;;;;Mwandishi,1%2
;;;;Mwandishi,2%2
;;;;Possibilities
;;;;The_Imagine_Project
;;;Jarrett,Keith
;;;;Carnegie_Hall_Concert,1%2
;;;;Carnegie_Hall_Concert,2%2
;;;;Changes
;;;;Facing_You
;;;;Inside_Out
;;;;Jasmine
;;;;Last_Dance
;;;;Live_Standards
;;;;Live_at_the_Deer_Head_Inn
;;;;My_Follish_Heart,1%2
;;;;My_Follish_Heart,2%2
;;;;No_End,1%2
;;;;No_End,2%2
;;;;Paris+London,1%3
;;;;Paris+London,2%3
;;;;Paris+London,3%3
;;;;Somewhere
;;;;Standards,Vol1
;;;;Still_Live,1%2
;;;;Still_Live,2%2
;;;;The_Koln_Concert
;;;;The_Out_of_Towners
;;;;Up_For_It
;;;;Whisper_Not,1%2
;;;;Whisper_Not,2%2
;;;;Yesterdays
;;;Monk,Thelonius
;;;;And_The_Jazz_Giants
;;;;And_Trane_Live_At_Cargegie_Hall
;;;;Complete_1957_Riverside+Coltrane,1%2
;;;;Complete_1957_Riverside+Coltrane,2%2
;;;;Genius_Of_Modern_Music,Vol2
;;;;Monks_Dream
;;;;Paris_1969
;;;;Steve_Lacy_Plays
;;;;The_Unique_Thelonius_Monk
;;;;Thelonius_Himself
;;;Peterson,Oscar
;;;;A_Tribute_To
;;;;Encore_at_the_Blue_Note
;;;;Live_at_the_Blue_Note
;;;;Oscar_Peterson
;;;;Perfect_Peterson,1%2
;;;;Perfect_Peterson,2%2
;;;;Plays_Count_Basie
;;;;Porgy+Bess
;;;;Side_By_Side+Itzhak_Perlman
;;;;Solo
;;;;The_Art_of_Duo
;;;;The_Historic_Carnegie_Hall_Concerts
;;;;Three_Originals,Vol2
;;;;Very_Tall+Milt_Jackson
;;;Roberts,Marcus
;;;;Deep_in_the_Shed
;;;;If_I_Could_Be_With_You
;;;;Portraits_In_Blue
;;;;The_Collected_Marcus_Roberts
;;;;The_Joy_of_Joplin
;;;Tyner,McCoy
;;;;Band:Uptown_Downtown
;;;;Big
;;;;Double_Trios
;;;;Hip_Toe
;;;;Land_of_Giants
;;;;New_York_Reunion
;;;;Plays_John_Coltrane
;;;;Revelations
;;;;Sahara
;;;;Trident
;;;;Warsaw_Jazz_Jambouree+Stephane_Grapelli
;;;jazz.evans
;;vibes
;;;Burton,Gary
;;;;Passengers
;;;Hampton,Lionel
;;;;Feel_the_Vibes
;;;;Flying_Home
;;;;Hot_Mallets
;;;;The_Lionel_Hampton_Story,1%4
;;;;The_Lionel_Hampton_Story,2%4
;;;;The_Lionel_Hampton_Story,3%4
;;;;The_Lionel_Hampton_Story,4%4
;;;Modern_Jazz_Quartet
;;;;40,1%4
;;;;40,2%4
;;;;40,3%4
;;;;40,4%4
;;;;Blues_at_Carnegie_Hall
;;;;MJQ+Friends
;;;;MJQ+Monk
;;;;MJQ+Paul_Desmond
;README.md
;ROCK
;;Allman_Brothers
;;;Beginnings
;;;Decade_Of_Hits-69%79
;;;Eat_A_Peach
;;;The_Fillmore_Concerts
;;Beatles
;;;Best_Of
;;;Love
;;Beck,Jeff
;;;Blow_By_Blow
;;Browne,Jackson
;;;For_Everyman
;;;Late_For_The_Sky
;;;Lives_In_The_Balance
;;Byrds
;;;Bluegrass_Trbute
;;;Byrds
;;;Live_From_Mars
;;;Play_Dylan
;;;Untitled+Unissued
;;CSN
;;;4_Way_Street
;;;CSN
;;;Deja_Vu
;;California_Guitar_Trio
;;;10_Christmas_Songs
;;;Discipline
;;;First_Decade
;;;Pathways
;;;Rocks_The_West
;;;With_Levin+Mastelotto
;;;Yamanashi_Blues
;;Cassidy,Eva
;;;Live_At_Blues_Alley
;;;Songbird
;;Clapton,Eric
;;;461_Ocean_Boulevard
;;;Blind_Faith
;;;Disraeli_Gears
;;;Fresh_Cream
;;;Layla
;;;Wheels_Of_Fire
;;Colvin,Shawn
;;;A_Few_Small_Repairs
;;Doors
;;;An_American_Prayer
;;;Eponymous
;;;L.A.Woman
;;;Morrison_Hotel
;;;Soft_Parade
;;;Strange_Days
;;;Waiting_For_The_Sun
;;Dylan,Bob
;;;Blood_On_The_Tracks
;;;Bringing_It_All_Back_Home
;;;Greatest_Hits-Vol1
;;;Greatest_Hits-Vol2
;;;Hard_Rain
;;;Highway_61
;;Fleck,Bela
;;;Cockoos_Nest
;;;Cuckoos_Nest
;;;Dreadful_Snakes
;;;Little_Worlds
;;;Outbound
;;;Perpetual_Motion
;;;Tabula_Rasa
;;;UfoTofu
;;Gatton,Danny
;;;American_Music
;;;In_Concert-9%9%94
;;;Live+Buddy_Emmons-Vol1
;;;Live+Buddy_Emmons-Vol2
;;;Live_At_Desperados
;;;New_York_Stories
;;;Portraits
;;;Redneck_Jazz
;;;Redneck_Jazz_Explosion
;;;Unfinished_Business
;;;Untouchable
;;Genesis
;;;Foxtrot
;;;Lamb_Lies_Down_On_Broadway
;;;Nursery_Cryme
;;;Selling_England_By_The_Pound
;;;Trick_Of_The_Tail
;;Grateful_Dead
;;;Ace
;;;American_Beauty
;;;Anthem_Of_The_Sun
;;;Aoxomoxoa
;;;Blue_Incantation
;;;Bright_Shadows
;;;Dead_Set
;;;Europe_72-Vol1
;;;Europe_72-Vol2
;;;Garcia
;;;Grateful_Dawg
;;;Greyfolded
;;;Heaven_Help_The_Fool
;;;Laughing_Water
;;;Live_Dead
;;;Mars_Hotel
;;;One_From_The_Vault
;;;Pizza_Tapes
;;;Reckoning
;;;Second_Sight
;;;Side_Trips
;;;So_What
;;;Stepping_Out-England_72
;;;Sunshine_Daydream
;;;Terrapin_Station
;;;The_Other_Ones
;;;Wake_The_Dead
;;;Without_A_Net
;;;Workingmans_Dead
;;;Zero-Here_Goes_Nothing
;;Hendrix,Jimi
;;;Are_You_Experienced
;;;Bold_As_Love
;;;Electric_Ladyland
;;;Live_At_Fillmore_East
;;Jackson,Michael
;;;Thriller
;;Little_Feat
;;;Waiting_For_Columbus
;;McKennitt,Lorena
;;;Live_In_Paris+Toronto
;;;Mask+Mirror
;;McLachlan,Sarah
;;;Afterglow
;;;Fumbling_Towards_Ecstasy
;;;Laws_Of_Illusion
;;;Mirrorball
;;;Mirrorball_Complete
;;;Rarities
;;;Shine_On
;;;Solace
;;;Surfacing
;;;Touch
;;Mitchell,Joni
;;;Court+Spark
;;;Hejira
;;;Ladies_Of_The_Canyon
;;Petty,Tom
;;;Greatest_Hits
;;Pink_Floyd
;;;Animals
;;;Dark_Side_Of_The_Moon
;;;Division_Bell
;;;Meddle
;;;Obscured_By_Clouds
;;;Umma_Gumma
;;;Umma_Gumma-Live
;;;Umma_Gumma-Studio
;;Rolling_Stones
;;;Aftermath
;;;Beggars_Banquet
;;;Blues_Tribute_To
;;;Exile_On_Main_Street
;;;Let_It_Bleed
;;;Satanic_Majesty
;;;Some_Girls
;;Steely_Dan
;;;Aja
;;;Katy_Lied
;;;Pretzel_Logic
;;String_Cheese_Incident
;;;A_String_Cheese_Incident
;;;Carnival_99
;;The_Band
;;;Eponymous
;;;Music_From_Big_Pink
;;;Rock_Of_Ages
;;The_Who
;;;Live_At_Leeds
;;;Sell_Out
;;;Tommy
;;Wilson_Phillips
;;;Eponymous
;;Yes
;;;Close_To_The_Edge
;;;Fragile
;;;The_Yes_Album
